technical_row_id,assay_record_id,source_subject_id,visit_record_id,specimen_id,assay_timestamp,reported_value,reported_unit,assay_status_code,assay_quality_score,platform_code
AAROW-0001,A01-ASSAY-BL,AS01,A01-BL,ASP-01-A01-BL,2026-01-15T11:00:00,92.592592593,pg/mL,Q,0.9,PX
AAROW-0002,A01-ASSAY-FU,AS01,A01-FU,ASP-01-A01-FU,2026-01-15T11:00:00,85.185185185,pg/mL,Q,0.9,PX
AAROW-0003,A02-ASSAY-BL,AS02,A02-BL,ASP-02-A02-BL,2026-01-15T11:00:00,101.851851852,pg/mL,Q,0.9,PX
AAROW-0004,A02-ASSAY-FU-AMENDED,AS02,A02-FU-AMENDED,ASP-02-A02-FU-AMENDED,2026-01-15T11:00:00,92.592592593,pg/mL,Q,0.9,PX
AAROW-0005,A02-ASSAY-FU-LEGACY,AS02,A02-FU-LEGACY,ASP-02-A02-FU-LEGACY,2026-01-15T11:00:00,74.074074074,pg/mL,Q,0.9,PX
AAROW-0006,A03-ASSAY-BL,AS03,A03-BL-M8,ASP-03-A03-BL-M8,2026-01-15T11:00:00,111.111111111,pg/mL,Q,0.9,PX
AAROW-0007,A03-ASSAY-BL-DECOY,AS03,A03-BL-M6,ASP-03-A03-BL-M6,2026-01-15T11:00:00,64.814814815,pg/mL,Q,0.9,PX
AAROW-0008,A03-ASSAY-BL-INVALID,AS03,A03-BL-INVALID,ASP-03-A03-BL-INVALID,2026-01-15T11:00:00,925.000000000,pg/mL,Q,0.9,PX
AAROW-0009,A03-ASSAY-FU,AS03,A03-FU,ASP-03-A03-FU,2026-01-15T11:00:00,102.777777778,pg/mL,Q,0.9,PX
AAROW-0010,A04-ASSAY-BL-VALID,AS04,A04-BL,ASP-04-A04-BL,2026-01-15T09:00:00,120.370370370,pg/mL,Q,0.95,PX
AAROW-0011,A04-ASSAY-BL-LOWQ,AS04,A04-BL,ASP-04-A04-BL,2026-01-15T08:00:00,148.148148148,pg/mL,Q,0.7,PX
AAROW-0012,A04-ASSAY-BL-INVALID,AS04,A04-BL,ASP-04-A04-BL,2026-01-15T07:00:00,925.000000000,pg/mL,F,1.0,PX
AAROW-0013,A04-ASSAY-FU,AS04,A04-FU,ASP-04-A04-FU,2026-01-15T11:00:00,107.407407407,pg/mL,Q,0.9,PX
AAROW-0014,A05-ASSAY-BL,AS05,A05-BL,ASP-05-A05-BL,2026-01-15T11:00:00,129.629629630,pg/mL,Q,0.9,PX
AAROW-0015,A05-ASSAY-BL,AS05,A05-BL,ASP-05-A05-BL,2026-01-15T11:00:00,129.629629630,pg/mL,Q,0.9,PX
AAROW-0016,A05-ASSAY-FU,AS05,A05-FU,ASP-05-A05-FU,2026-01-15T11:00:00,115.740740741,pg/mL,Q,0.9,PX
AAROW-0017,A06-ASSAY-BL,AS06,A06-BL,ASP-06-A06-BL,2026-01-15T11:00:00,138.888888889,pg/mL,Q,0.9,PX
AAROW-0018,A06-ASSAY-FU-D34,AS06,A06-FU-D34,ASP-06-A06-FU-D34,2026-01-15T11:00:00,126.851851852,pg/mL,Q,0.9,PX
AAROW-0019,A06-ASSAY-FU-D36,AS06,A06-FU-D36,ASP-06-A06-FU-D36,2026-01-15T11:00:00,148.148148148,pg/mL,Q,0.9,PX
AAROW-0020,A09-ASSAY-BL-OUTSIDE,AS09,A09-BL-OUTSIDE,ASP-09-A09-BL-OUTSIDE,2026-01-15T11:00:00,92.592592593,pg/mL,Q,0.9,PX
AAROW-0021,A09-ASSAY-FU,AS09,A09-FU,ASP-09-A09-FU,2026-01-15T11:00:00,83.333333333,pg/mL,Q,0.9,PX
AAROW-0022,A10-ASSAY-BL,AS10,A10-BL,ASP-10-A10-BL,2026-01-15T11:00:00,92.592592593,pg/mL,Q,0.9,PX
AAROW-0023,A10-ASSAY-FU-OUTSIDE,AS10,A10-FU-OUTSIDE,ASP-10-A10-FU-OUTSIDE,2026-01-15T11:00:00,83.333333333,pg/mL,Q,0.9,PX
AAROW-0024,A11-ASSAY-BL,AS11,A11-BL,ASP-11-A11-BL,2026-01-15T11:00:00,92.592592593,pg/mL,Q,0.9,PX
AAROW-0025,A11-ASSAY-FU,AS11,A11-FU,ASP-11-A11-FU,2026-01-15T11:00:00,83.333333333,pg/mL,Q,0.9,PX
AAROW-0026,A01-ASSAY-NAN,AS01,A01-BL,ASP-01-A01-BL,2026-01-15T11:00:00,NaN,pg/mL,Q,1.0,PX
AAROW-0027,A01-ASSAY-WRONGUNIT,AS01,A01-FU,ASP-01-A01-FU,2026-01-15T11:00:00,46.296296296,ng/mL,Q,1.0,PX
